name,Stage 1 CV Score
nn,107752.22152880652
ext_high,106784.3602490481
ext_low,151230.4376965185
lgb_high,121755.02994562345
lgb_mid,120893.34667980373
lgb_low,120632.33030662755
xgb_high,108891.10168171441
xgb_mid,109384.56516719268
xgb_low,108720.64042443063
rf_high,107229.67280664179
rf_low,153054.675178402
ridge,109592.4915544444
gbr_high,112460.38214550423
gbr_mid,111324.8610039186
gbr_low,110948.94397557309
lasso,108277.46451739824
elastic,107987.00610438392
svr,107360.7213623842
