name,Stage 2 CV Score
ridge,107100.96925495786
lasso,107054.26879046527
elastic,107049.70714289993
svr,106538.50848186335
